id,current_a_oel,current_a_oer,p_w_oel,p_w_oer,q_va_oel,q_va_oer
line_1,38.941851,64.561683,15534.76336,-26365.469276,4396.73997,4775.311557
line_2,18.389047,7.244742,6928.177374,-2186.117544,2354.105128,2308.397805
tx1,38.941886,64.561742,15541.536928,-26346.851233,4431.113302,4869.791177
