load_id,soe_lb_kw,soe_ub_kw,dispatch_kw,payment_dlr
1002,-4.999999,28.846636,1.3e-05,0.0
1003,-2.292915,6.707112,2.707088,0.022559
