id,current_a_oel,current_a_oer,p_w_oel,p_w_oer,q_va_oel,q_va_oer
line_1,48.828346,48.828346,17580.484992,17580.484992,10004.429714,10004.429714
line_2,11.978243,11.978243,1626.802027,1626.802027,4422.956529,4422.956529
tx1,48.828391,48.828391,17591.134471,17591.134471,10058.471847,10058.471847
