load_id,doe_lb_kw,doe_ub_kw
1001,-49.999974,49.999974
1002,-49.999974,49.999974
1003,-49.999974,49.999974
1004,-49.999974,49.999974
