id,current_a_oel,current_a_oer,p_w_oel,p_w_oer,q_va_oel,q_va_oer
line_1,29.490049,29.490049,11453.756254,11453.756254,4281.502501,4281.502501
line_2,16.270453,16.270453,6105.891056,6105.891056,2342.356423,2342.356423
tx1,29.490076,29.490076,11457.640755,11457.640755,4301.214898,4301.214898
