load_id,doe_lb_kw,doe_ub_kw
1001,-49.999969,49.999969
1002,-49.999969,49.999969
1003,-49.999969,49.999969
1004,-49.999969,49.999969
