id,current_a_oel,current_a_oer,p_w_oel,p_w_oer,q_va_oel,q_va_oer
line_1,55.619867,67.431105,22590.959368,-27565.543688,4600.535897,4832.587056
line_2,5.897436,5.63162,13.966221,-909.221501,2305.564759,2305.074423
tx1,55.619918,67.431167,22604.777338,-27545.233924,4670.656935,4935.651532
