load_id,doe_lb_kw,doe_ub_kw
1001,-10.669783,14.237552
1002,-10.669783,14.237552
1003,-2.7e-05,0.460954
1004,-2.7e-05,0.460954
